Dataset,Test_Size,Model,MAE_level,RMSE_level,MAPE_level
data_clean_1,12,Linear Regression,10.738115923024273,10.76996636256422,0.10367944267513807
data_clean_1,12,ARMA (d=0),5.892749040767455,5.970616501322352,0.05686868299267409
data_clean_1,12,Auto ARIMAX,2.289759398696719,2.529640272920869,0.022200529427317286
data_clean_1,12,Random Forest (Tuned),2.344348508469352,2.511071338705124,0.022582347662152117
data_clean_2,12,Linear Regression,10.482199211001747,10.517474787711322,0.10121033011073306
data_clean_2,12,ARMA (d=0),6.202912988230929,6.295192187930394,0.05985418359580145
data_clean_2,12,Auto ARIMAX,2.3085416910711345,2.5427554110407242,0.0223808705740683
data_clean_2,12,Random Forest (Tuned),1.9455839749851442,2.0991004020161435,0.01881131761700727
data_clean_3,12,Linear Regression,10.807449305376764,10.8449844017499,0.10434153710520468
data_clean_3,12,ARMA (d=0),6.713124096239465,6.826201388776194,0.06476908931560153
data_clean_3,12,Auto ARIMAX,2.2628038780903785,2.519594169865024,0.02194301156712299
data_clean_3,12,Random Forest (Tuned),2.6041296350081176,2.8851620385854693,0.025045074138040427
