Dataset,Forecast Window,Model,MAE,RMSE,MAPE
data_clean_1,2023,Linear Regression,5.5767,6.0897,0.4702
data_clean_1,2023,Auto ARIMAX,4.6483,5.6621,0.5752
data_clean_1,2023,Random Forest,1.9629,2.1508,0.1799
data_clean_1,2024,Linear Regression,2.1541,2.7618,0.5086
data_clean_1,2024,Auto ARIMAX,1.8834,2.0602,0.6496
data_clean_1,2024,Random Forest,3.7887,4.0959,1.2688
data_clean_1,2025,Linear Regression,1.1689,1.2804,0.3444
data_clean_1,2025,Auto ARIMAX,1.2368,1.5018,0.4274
data_clean_1,2025,Random Forest,0.7158,0.7458,0.215
data_clean_2,2023,Linear Regression,5.4276,5.9807,0.4538
data_clean_2,2023,Auto ARIMAX,4.6611,5.6738,0.5765
data_clean_2,2023,Random Forest,2.505,2.7758,0.216
data_clean_2,2024,Linear Regression,3.1338,3.8751,0.7595
data_clean_2,2024,Auto ARIMAX,1.481,1.7625,0.5297
data_clean_2,2024,Random Forest,3.7118,3.9388,1.2398
data_clean_2,2025,Linear Regression,1.2216,1.3625,0.372
data_clean_2,2025,Auto ARIMAX,1.106,1.3362,0.3811
data_clean_2,2025,Random Forest,0.6619,0.7976,0.2225
data_clean_3,2023,Linear Regression,5.6,6.1215,0.4716
data_clean_3,2023,Auto ARIMAX,4.6736,5.6902,0.5781
data_clean_3,2023,Random Forest,2.7332,2.9465,0.2431
data_clean_3,2024,Linear Regression,3.1141,3.8543,0.7542
data_clean_3,2024,Auto ARIMAX,1.4822,1.7636,0.53
data_clean_3,2024,Random Forest,3.2215,3.4327,1.084
data_clean_3,2025,Linear Regression,1.2369,1.3836,0.3785
data_clean_3,2025,Auto ARIMAX,1.1048,1.3353,0.3808
data_clean_3,2025,Random Forest,0.802,0.9538,0.2685
