Dataset,Forecast Window,R^2,Intercept,"(p,d,q)",n_estimators,max_depth,min_samples_split,min_samples_leaf,max_features
data_clean_1,2023,0.4009,2.9071,"(1, 1, 1)",600,10,4,2,sqrt
data_clean_1,2024,0.3360,3.3727,"(2, 1, 3)",100,10,2,2,sqrt
data_clean_1,2025,0.3235,3.3469,"(1, 1, 3)",100,5,2,2,sqrt
data_clean_2,2023,0.4133,2.8362,"(1, 1, 1)",108,7,2,2,log2
data_clean_2,2024,0.3361,3.3653,"(1, 1, 3)",600,5,9,5,sqrt
data_clean_2,2025,0.3235,3.3483,"(1, 1, 1)",600,8,2,5,sqrt
data_clean_3,2023,0.4157,2.8722,"(1, 1, 1)",600,9,2,2,sqrt
data_clean_3,2024,0.3362,3.3762,"(1, 1, 3)",600,6,2,2,sqrt
data_clean_3,2025,0.3237,3.3590,"(1, 1, 1)",600,8,2,2,sqrt
